LABEL;ADRESSE MAC;MARQUE
Andry-34;e0:9d:31:08:85:5c;Panasonic
Cyriaque-25;e0:9d:31:08:e4:49;Panasonic
David-46;e1:9d:31:08:81:64;Panasonic
Diary-11;e4:4e:31:e3:e1:6c;Panasonic
Eden-7;84:3a:4b:01:e8:a4;Panasonic
Edmonico-40;e0:9d:31:08:88:20;Panasonic
Fandresena-37;e0:9d:31:08:7d:d8;Panasonic
Faneva-30;e0:9d:31:08:8a:ac;Panasonic
Herilala-20;e8:2a:ea:18:c4:87;Lenovo
Iantso-42;e0:9d:31:08:82:88;Panasonic
Mandrindra-24;e0:9d:31:08:8c:10;Panasonic
Michel-2;e0:9d:31:08:7a:fc;Panasonic
Natolotra-33;e0:9d:31:08:91:5c;Panasonic
Raphael-31;84:3a:4b:02:02:c8;Panasonic
Safidison-19;e0:9d:31:08:8d:24;Panasonic
Sanda-39;e0:9d:31:08:90:20;Panasonic
Tsiory-28;e4:70:b8:b7:b7:13;Panasonic
